Nombre Completo,Edad,Sexo,Ocupación,Nivel de Estudios
Juan López Rodríguez,32,Femenino,Administrador,Postgrado
Juan Ramírez Ramírez,54,Femenino,Diseñador,Universidad
Luis Sánchez Rodríguez,23,Femenino,Médico,Postgrado
Juan García García,64,Masculino,Programador,Universidad
Ana García Rodríguez,44,Masculino,Diseñador,Preparatoria
María Sánchez Pérez,47,Masculino,Contador,Secundaria
Laura Martínez González,30,Masculino,Abogado,Secundaria
María Hernández Martínez,24,Masculino,Programador,Primaria
Juan Ramírez González,35,Masculino,Electricista,Preparatoria
Laura López Pérez,42,Femenino,Abogado,Secundaria
Javier González González,63,Masculino,Abogado,Primaria
Luis Ramírez Pérez,18,Femenino,Programador,Secundaria
Luis Pérez García,47,Femenino,Programador,Postgrado
Juan Torres Sánchez,20,Masculino,Administrador,Primaria
Carmen Sánchez Hernández,44,Masculino,Electricista,Primaria
Javier Ramírez Hernández,54,Femenino,Administrador,Primaria
Pedro Martínez González,63,Femenino,Ingeniero,Postgrado
Carmen Hernández Martínez,45,Masculino,Abogado,Primaria
Carlos Hernández González,59,Masculino,Contador,Primaria
Sofía Martínez López,64,Masculino,Médico,Universidad
Laura Ramírez Sánchez,18,Masculino,Médico,Preparatoria
Javier García Sánchez,52,Masculino,Contador,Secundaria
Ana Ramírez Ramírez,37,Masculino,Electricista,Secundaria
Pedro Hernández Torres,63,Masculino,Administrador,Primaria
Javier López Ramírez,19,Masculino,Profesor,Secundaria
María Pérez Pérez,25,Femenino,Contador,Primaria
Carmen García González,18,Masculino,Electricista,Primaria
Luis Ramírez Rodríguez,34,Femenino,Programador,Primaria
María González López,47,Femenino,Estudiante,Primaria
Pedro Hernández Rodríguez,30,Femenino,Programador,Postgrado
Carlos Sánchez Sánchez,26,Masculino,Electricista,Preparatoria
Ana Sánchez Hernández,56,Femenino,Abogado,Postgrado
Sofía López Ramírez,48,Femenino,Médico,Postgrado
Laura Sánchez Ramírez,38,Masculino,Ingeniero,Postgrado
Juan García Martínez,30,Masculino,Médico,Primaria
Javier Pérez Martínez,62,Femenino,Diseñador,Secundaria
Ana Rodríguez Pérez,28,Femenino,Programador,Secundaria
Sofía Hernández Pérez,60,Femenino,Administrador,Preparatoria
Laura López Hernández,61,Femenino,Electricista,Postgrado
Carmen Sánchez González,53,Masculino,Abogado,Primaria
Laura López García,47,Femenino,Contador,Secundaria
Juan Rodríguez Torres,63,Femenino,Contador,Preparatoria
Pedro Hernández Hernández,56,Masculino,Diseñador,Primaria
Sofía García Hernández,58,Masculino,Estudiante,Secundaria
Carlos González Martínez,24,Masculino,Abogado,Secundaria
Sofía Rodríguez Hernández,25,Masculino,Programador,Secundaria
Laura Sánchez Hernández,47,Femenino,Diseñador,Universidad
María Pérez Rodríguez,19,Femenino,Contador,Universidad
Carmen Torres Martínez,59,Femenino,Ingeniero,Secundaria
Luis Pérez Hernández,39,Masculino,Ingeniero,Secundaria
